health_type,n_obs,mean_age,mean_hrgpay,mean_frailty
1,893,34.05375139977603,27.12232233615396,0.07216623118078885
2,483,51.033126293995856,24.219452146156037,0.34782608695652173
3,1124,43.18149466192171,25.809643254608144,0.19826677211018848
